{
    "A1": ["Training", "Degradation", "Complexity theory", "Image recognition", "Neural networks", "Visualization", "Image segmentation"
],
    "A2": ["Context", "Psychology", "Databases", "Educational institutions", "Games", "Libraries"
],
    "A3": ["Large-scale systems", "Image databases", "Explosions", "Internet", "Robustness", "Information retrieval", "Image retrieval", "Multimedia databases", "Ontologies", "Spine"
],
    "A4": ["YOLO", "Performance evaluation", "Technological innovation", "Computer vision", "Heuristic algorithms", "Speech recognition", "Benchmark testing"
],
    "A5": ["Computer architecture", "Microprocessors", "Object detection", "Training", "Real-time systems", "Neural networks", "Pipelines"
],
    "A6": ["Recommender systems", "Filtering", "Motion pictures", "Social network services", "Computer networks", "Computer science", "International collaboration", "Electronic commerce", "Books", "Educational institutions"
],
    "A7": ["Training", "Data privacy", "Privacy", "Limiting", "Transfer learning", "Training data", "Stochastic processes"
],
    "A8": ["Deep learning", "Artificial neural networks", "Support vector machines", "Neurons"
],
    "A9": ["Diseases", "Lung", "Feature extraction", "X-rays", "Support vector machines", "Task analysis", "Convolutional neural networks"
],
    "A10": ["Speech coding", "Computational modeling", "Transfer learning", "Data models", "System-on-chip", "Compaction", "Speech processing"
],
    "A11": ["Europe", "Security", "Privacy", "Licenses"
],
    "A12": ["Time-frequency analysis", "Modulation", "OFDM", "Transforms", "Doppler effect", "Shape", "Receivers"
],
    "A13": ["Neural networks", "Robustness", "Measurement", "Speech recognition", "Security", "Malware", "Resists"
],
    "A14": ["Application software", "Credit cards", "Detectors", "Constraint optimization", "Data mining", "Information technology", "Laboratories", "Isolation technology", "Performance evaluation", "Astronomy"
],
    "A15": ["Costs", "Processor scheduling", "Large language models", "Computational modeling", "Graphics processing units", "Computer architecture", "Throughput"
],
    "A16": ["Training", "Data models", "Predictive models", "Privacy", "Sociology", "Statistics", "Google"
],
    "A17": ["Histograms", "Humans", "Robustness", "Object recognition", "Support vector machines", "Object detection", "Testing", "Image edge detection", "High performance computing", "Image databases"
],
    "A18": ["Encryption", "Lattices", "Electronic mail", "Protocols", "Public key"],
    "A19": ["Productivity", "Accuracy", "Circuits and systems", "Buildings", "Oral communication", "Chatbots", "User experience"
],
    "A20": ["Benchmark testing", "Cameras", "Optical imaging", "Visualization", "Optical sensors", "Measurement"
]
}